Message_size, Throughtput
400, 37.782293
4000, 232.925589
40000, 1510.648549
400000, 816.289598
4000000, 1072.329623
40000000, 946.367913
Delay: 0.076020[ms]
