Message_size, Throughtput
400, 36.388835
4000, 215.318647
40000, 1320.634187
400000, 564.011719
4000000, 1018.657553
40000000, 1117.138113
