Message_size, Throughtput
400, 20.121754
4000, 104.291489
40000, 225.392701
400000, 814.356677
4000000, 1283.516045
40000000, 1652.449831
