Message_size, Throughtput
400, 35.568814
4000, 189.157758
40000, 1345.707578
400000, 1404.841344
4000000, 1226.464586
40000000, 1261.470569
